,plateID,col,row,Sample ID,New Code,Pop,State,EstuaryLocal,Latitude,Longitude,mtHaplotype,mtHap Group,mtHap Subgroup,barcode,Plate13,96-well,barcodeID,barcodeID2,barcode2,pops,pop_order
1,A20,20,A,STB10,FlSB10,St. Teresa Beach,Florida,NA,NA,NA,Hap_7,A,A2,3,Plate09,A03,10nt_496,10nt_496,aagccataaccaattc,FlSB,SCBR
2,G03,03,G,STB20,FlSB20,St. Teresa Beach,Florida,NA,NA,NA,Hap_3,A,A1,5,Plate13,D05,10nt_837,10nt_837,cctctcgttccaattc,FlSB,SCBR
3,K15,15,K,STB5,FlSB05,St. Teresa Beach,Florida,NA,NA,NA,Hap_3,A,A1,5,Plate03,F05,8nt_59,8nt_59,ttgcgaaccaattc,FlSB,SCBR
4,K18,18,K,STB2,FlSB02,St. Teresa Beach,Florida,NA,NA,NA,Hap_3,A,A1,11,Plate03,F11,9nt_61,9nt_61,cttgagccacaattc,FlSB,VA
5,L08,08,L,STB12,FlSB12,St. Teresa Beach,Florida,NA,NA,NA,NA,NA,NA,4,Plate07,F04,10nt_462,10nt_462,ctaaccgttacaattc,FlSB,SCCH
6,N02,02,N,STB1,FlSB01,St. Teresa Beach,Florida,NA,NA,NA,Hap_5,A,A1,4,Plate13,G04,10nt_856,10nt_856,aattagccagcaattc,FlSB,SCSH
7,N16,16,N,STB16,FlSB16,St. Teresa Beach,Florida,NA,NA,NA,Hap_3,A,A1,8,Plate03,G08,9nt_64,9nt_64,cggaggccacaattc,FlSB,SCBB
8,O01,01,O,STB14,FlSB14,St. Teresa Beach,Florida,NA,NA,NA,Hap_1,B,B,1,Plate13,H01,10nt_867,10nt_867,gagtaatcagcaattc,FlSB,SCBB
9,P05,05,P,STB8,FlSB08,St. Teresa Beach,Florida,NA,NA,NA,NA,NA,NA,10,Plate13,H10,9nt_279,9nt_279,ccagcagtccaattc,FlSB,FlAM
10,P08,08,P,STB17,FlSB17,St. Teresa Beach,Florida,NA,NA,NA,NA,NA,NA,4,Plate07,H04,9nt_134,9nt_134,tggctaatacaattc,FlSB,SCBR
11,P18,18,P,STB9,FlSB09,St. Teresa Beach,Florida,NA,NA,NA,Hap_8,A,A1,12,Plate03,H12,10nt_243,10nt_243,agcatgctcacaattc,FlSB,VA
12,D03,03,D,FPFL1,FlFP01,Fort Pierce,Florida,NA,NA,NA,Hap_13,A,A2,6,Plate13,B06,9nt_240,9nt_240,gaccatagccaattc,FlFP,SCSH
13,D07,07,D,FPFL2,FlFP02,Fort Pierce,Florida,NA,NA,NA,Hap_13,A,A2,2,Plate07,B02,8nt_109,8nt_109,cggagacgcaattc,FlFP,SCSH
14,E15,15,E,FPFL8,FlFP08,Fort Pierce,Florida,NA,NA,NA,Hap_13,A,A2,5,Plate03,C05,8nt_46,8nt_46,tggactgacaattc,FlFP,SCBR
15,H07,07,H,FPFL10,FlFP10,Fort Pierce,Florida,NA,NA,NA,NA,NA,NA,2,Plate07,D02,8nt_117,8nt_117,catatgcgcaattc,FlFP,SCCH
16,H12,12,H,FPFL4,FlFP04,Fort Pierce,Florida,NA,NA,NA,NA,NA,NA,12,Plate07,D12,9nt_120,9nt_120,gttgaaggacaattc,FlFP,SCBR
17,I19,19,I,FPFL9,FlFP09,Fort Pierce,Florida,NA,NA,NA,NA,NA,NA,1,Plate09,E01,9nt_157,9nt_157,atagaggtacaattc,FlFP,SCCH
18,J04,04,J,FPFL7,FlFP07,Fort Pierce,Florida,NA,NA,NA,Hap_13,A,A2,8,Plate13,E08,9nt_259,9nt_259,gttcctggccaattc,FlFP,FlSB
19,K10,10,K,FPFL5,FlFP05,Fort Pierce,Florida,NA,NA,NA,Hap_13,A,A2,7,Plate07,F07,8nt_127,8nt_127,taaccatgcaattc,FlFP,SCWB
20,P10,10,P,FPFL3,FlFP03,Fort Pierce,Florida,NA,NA,NA,Hap_13,A,A2,8,Plate07,H08,8nt_136,8nt_136,acgtaactcaattc,FlFP,VA
21,A10,10,A,AmFL8,FlAM08,Amelia Island,Florida,NA,NA,NA,NA,NA,NA,7,Plate07,A07,10nt_429,10nt_429,caaggatctacaattc,FlAM,NC
22,C19,19,C,AmFL7,FlAM07,Amelia Island,Florida,NA,NA,NA,Hap_1,B,B,1,Plate09,B01,8nt_142,8nt_142,ccggcggtcaattc,FlAM,SCSH
23,E10,10,E,AmFL1,FlAM01,Amelia Island,Florida,NA,NA,NA,NA,NA,NA,7,Plate07,C07,10nt_447,10nt_447,gtcgctggtacaattc,FlAM,SCBB
24,F04,04,F,AmFL3,FlAM03,Amelia Island,Florida,NA,NA,NA,NA,NA,NA,8,Plate13,C08,9nt_247,9nt_247,aagacgcgccaattc,FlAM,MA
25,F09,09,F,AmFL9,FlAM09,Amelia Island,Florida,NA,NA,NA,Hap_22,B,B,6,Plate07,C06,9nt_114,9nt_114,gacgagcgacaattc,FlAM,SCBB
26,G17,17,G,AmFL5,FlAM05,Amelia Island,Florida,NA,NA,NA,Hap_1,B,B,9,Plate03,D09,9nt_51,9nt_51,gctgcgtaacaattc,FlAM,SCCH
27,O06,06,O,AmFL4,FlAM04,Amelia Island,Florida,NA,NA,NA,Hap_1,B,B,11,Plate13,H11,10nt_887,10nt_887,aactgatgagcaattc,FlAM,NC
28,A01,01,A,BRLS07,BRLS07,Broad River (Landward),South Carolina,Inland,NA,NA,NA,NA,NA,1,Plate13,A01,10nt_788,10nt_788,tccggacctccaattc,BRLS,SCSH
29,A02,02,A,BRLS13,BRLS13,Broad River (Landward),South Carolina,Inland,NA,NA,NA,NA,NA,3,Plate13,A03,10nt_791,10nt_791,aggctgcctccaattc,BRLS,SCCH
30,A04,04,A,BRHS14,BRHS14,Broad River (Seaward),South Carolina,Coastal,NA,NA,NA,NA,NA,7,Plate13,A07,10nt_800,10nt_800,cataatgctccaattc,BRHS,SCWB
31,A11,11,A,BRLS05,BRLS05,Broad River (Landward),South Carolina,Inland,NA,NA,NA,NA,NA,9,Plate07,A09,9nt_107,9nt_107,taagatagacaattc,BRLS,SCCH
32,A16,16,A,BRHS10,BRHS10,Broad River (Seaward),South Carolina,Coastal,NA,NA,NA,NA,NA,7,Plate03,A07,9nt_38,9nt_38,ctggatgaacaattc,BRHS,SCBR
33,A18,18,A,BRLS17,BRLS17,Broad River (Landward),South Carolina,Inland,NA,NA,NA,NA,NA,11,Plate03,A11,10nt_148,10nt_148,aagccaaccacaattc,BRLS,SCSH
34,C05,05,C,BRHS21,BRHS21,Broad River (Seaward),South Carolina,Coastal,NA,NA,NA,NA,NA,9,Plate13,B09,10nt_812,10nt_812,tctacgagtccaattc,BRHS,SCSH
35,D14,14,D,BRHS17,BRHS17,Broad River (Seaward),South Carolina,Coastal,NA,NA,NA,NA,NA,4,Plate03,B04,10nt_150,10nt_150,cgctcaaccacaattc,BRHS,SCCH
36,E03,03,E,BRHS07,BRHS07,Broad River (Seaward),South Carolina,Coastal,NA,NA,NA,NA,NA,5,Plate13,C05,10nt_824,10nt_824,gtcgtaattccaattc,BRHS,SCCH
37,E05,05,E,BRHS06,BRHS06,Broad River (Seaward),South Carolina,Coastal,NA,NA,NA,NA,NA,9,Plate13,C09,10nt_831,10nt_831,gctaagcttccaattc,BRHS,SCBB
38,E07,07,E,BRLS19,BRLS19,Broad River (Landward),South Carolina,Inland,NA,NA,NA,NA,NA,1,Plate07,C01,10nt_441,10nt_441,ctacttagtacaattc,BRLS,SCBB
39,E12,12,E,BRHS13,BRHS13,Broad River (Seaward),South Carolina,Coastal,NA,NA,NA,NA,NA,11,Plate07,C11,8nt_116,8nt_116,agttcgcgcaattc,BRHS,SCWB
40,F15,15,F,BRLS03,BRLS03,Broad River (Landward),South Carolina,Inland,NA,NA,NA,NA,NA,6,Plate03,C06,9nt_46,9nt_46,agattataacaattc,BRLS,SCSH
41,F18,18,F,BRHS22,BRHS22,Broad River (Seaward),South Carolina,Coastal,NA,NA,NA,NA,NA,12,Plate03,C12,9nt_48,9nt_48,cagtcctaacaattc,BRHS,FlAM
42,G02,02,G,BRLS02,BRLS02,Broad River (Landward),South Carolina,Inland,NA,NA,NA,NA,NA,3,Plate13,D03,10nt_835,10nt_835,tccatagttccaattc,BRLS,SCBB
43,G07,07,G,BRHS11,BRHS11,Broad River (Seaward),South Carolina,Coastal,NA,NA,NA,NA,NA,1,Plate07,D01,10nt_449,10nt_449,cgcattggtacaattc,BRHS,SCSH
44,G11,11,G,BRLS11,BRLS11,Broad River (Landward),South Carolina,Inland,NA,NA,NA,NA,NA,9,Plate07,D09,9nt_119,9nt_119,ctaagtcgacaattc,BRLS,SCCH
45,I18,18,I,BRHS16,BRHS16,Broad River (Seaward),South Carolina,Coastal,NA,NA,NA,NA,NA,11,Plate03,E11,8nt_57,8nt_57,ccgcgttacaattc,BRHS,FlFP
46,J09,09,J,BRLS16,BRLS16,Broad River (Landward),South Carolina,Inland,NA,NA,NA,NA,NA,6,Plate07,E06,9nt_122,9nt_122,cgtctaggacaattc,BRLS,SCCH
47,J15,15,J,BRLS01,BRLS01,Broad River (Landward),South Carolina,Inland,NA,NA,NA,NA,NA,6,Plate03,E06,9nt_54,9nt_54,aatccttaacaattc,BRLS,SCWB
48,J18,18,J,BRLS14,BRLS14,Broad River (Landward),South Carolina,Inland,NA,NA,NA,NA,NA,12,Plate03,E12,9nt_57,9nt_57,ggttaaccacaattc,BRLS,FlFP
49,K14,14,K,BRLS09,BRLS09,Broad River (Landward),South Carolina,Inland,NA,NA,NA,NA,NA,3,Plate03,F03,9nt_58,9nt_58,gtcagaccacaattc,BRLS,SCSH
50,K16,16,K,BRLS12,BRLS12,Broad River (Landward),South Carolina,Inland,NA,NA,NA,NA,NA,7,Plate03,F07,10nt_211,10nt_211,aactctcgcacaattc,BRLS,NC
51,L15,15,L,BRHS05,BRHS05,Broad River (Seaward),South Carolina,Coastal,NA,NA,NA,NA,NA,6,Plate03,F06,9nt_59,9nt_59,agacgaccacaattc,BRHS,SCCH
52,M01,01,M,BRLS20,BRLS20,Broad River (Landward),South Carolina,Inland,NA,NA,NA,NA,NA,1,Plate13,G01,9nt_268,9nt_268,tctagtatccaattc,BRLS,SCBR
53,M03,03,M,BRLS06,BRLS06,Broad River (Landward),South Carolina,Inland,NA,NA,NA,NA,NA,5,Plate13,G05,9nt_270,9nt_270,gatggactccaattc,BRLS,SCSH
54,M04,04,M,BRHS19,BRHS19,Broad River (Seaward),South Carolina,Coastal,NA,NA,NA,NA,NA,7,Plate13,G07,9nt_271,9nt_271,gcaatactccaattc,BRHS,SCCH
55,M17,17,M,BRHS04,BRHS04,Broad River (Seaward),South Carolina,Coastal,NA,NA,NA,NA,NA,9,Plate03,G09,10nt_222,10nt_222,agaacttgcacaattc,BRHS,NC
56,N11,11,N,BRLS15,BRLS15,Broad River (Landward),South Carolina,Inland,NA,NA,NA,NA,NA,10,Plate07,G10,9nt_132,9nt_132,gaaccaatacaattc,BRLS,SCWB
57,N14,14,N,BRHS09,BRHS09,Broad River (Seaward),South Carolina,Coastal,NA,NA,NA,NA,NA,4,Plate03,G04,8nt_63,8nt_63,gcggtaaccaattc,BRHS,SCSH
58,O12,12,O,BRLS10,BRLS10,Broad River (Landward),South Carolina,Inland,NA,NA,NA,NA,NA,11,Plate07,H11,8nt_137,8nt_137,gttatactcaattc,BRLS,SCBR
59,P09,09,P,BRLS18,BRLS18,Broad River (Landward),South Carolina,Inland,NA,NA,NA,NA,NA,6,Plate07,H06,9nt_135,9nt_135,ccattaatacaattc,BRLS,SCBB
60,P17,17,P,BRHS20,BRHS20,Broad River (Seaward),South Carolina,Coastal,NA,NA,NA,NA,NA,10,Plate03,H10,8nt_69,8nt_69,taggctaccaattc,BRHS,SCBR
61,A07,07,A,SHLS37,SHLS37,St. Helena (Landward),South Carolina,Inland,NA,NA,NA,NA,NA,1,Plate07,A01,9nt_104,9nt_104,acgaagagacaattc,SHLS,MA
62,A14,14,A,SHLS15,SHLS15,St. Helena (Landward),South Carolina,Inland,NA,NA,NA,NA,NA,3,Plate03,A03,8nt_37,8nt_37,aatccagacaattc,SHLS,SCBR
63,A15,15,A,SHLS23,SHLS23,St. Helena (Landward),South Carolina,Inland,NA,NA,NA,NA,NA,5,Plate03,A05,10nt_138,10nt_138,atagtcgtaacaattc,SHLS,SCBB
64,B09,09,B,SHHS11,SHHS11,St. Helena (Seaward),South Carolina,Coastal,NA,NA,NA,NA,NA,6,Plate07,A06,9nt_106,9nt_106,caatggagacaattc,SHHS,SCBB
65,B19,19,B,SHHS23,SHHS23,St. Helena (Seaward),South Carolina,Coastal,NA,NA,NA,NA,NA,2,Plate09,A02,9nt_138,9nt_138,ggaggcatacaattc,SHHS,FlAM
66,C06,06,C,SHLS30,SHLS30,St. Helena (Landward),South Carolina,Inland,NA,NA,NA,NA,NA,11,Plate13,B11,10nt_817,10nt_817,gaaccgcgtccaattc,SHLS,SCWB
67,C07,07,C,SHHS20,SHHS20,St. Helena (Seaward),South Carolina,Coastal,NA,NA,NA,NA,NA,1,Plate07,B01,10nt_432,10nt_432,tcctactctacaattc,SHHS,SCBR
68,C18,18,C,SHLS13,SHLS13,St. Helena (Landward),South Carolina,Inland,NA,NA,NA,NA,NA,11,Plate03,B11,8nt_44,8nt_44,tataaggacaattc,SHLS,SCSH
69,D01,01,D,SHHS13,SHHS13,St. Helena (Seaward),South Carolina,Coastal,NA,NA,NA,NA,NA,2,Plate13,B02,9nt_238,9nt_238,gtaacgagccaattc,SHHS,FlFP
70,D09,09,D,SHHS17,SHHS17,St. Helena (Seaward),South Carolina,Coastal,NA,NA,NA,NA,NA,6,Plate07,B06,9nt_110,9nt_110,aggatacgacaattc,SHHS,SCWB
71,D15,15,D,SHHS04,SHHS04,St. Helena (Seaward),South Carolina,Coastal,NA,NA,NA,NA,NA,6,Plate03,B06,9nt_42,9nt_42,ttctcataacaattc,SHHS,NC
72,E02,02,E,SHLS17,SHLS17,St. Helena (Landward),South Carolina,Inland,NA,NA,NA,NA,NA,3,Plate13,C03,10nt_822,10nt_822,tatcctggtccaattc,SHLS,SCCH
73,E13,13,E,SHLS29,SHLS29,St. Helena (Landward),South Carolina,Inland,NA,NA,NA,NA,NA,1,Plate03,C01,10nt_153,10nt_153,gtcctaaccacaattc,SHLS,SCBB
74,F03,03,F,SHLS19,SHLS19,St. Helena (Landward),South Carolina,Inland,NA,NA,NA,NA,NA,6,Plate13,C06,9nt_246,9nt_246,ccatgccgccaattc,SHLS,SCSH
75,G08,08,G,SHHS24,SHHS24,St. Helena (Seaward),South Carolina,Coastal,NA,NA,NA,NA,NA,3,Plate07,D03,9nt_117,9nt_117,atgcggcgacaattc,SHHS,FlAM
76,G09,09,G,SHLS35,SHLS35,St. Helena (Landward),South Carolina,Inland,NA,NA,NA,NA,NA,5,Plate07,D05,8nt_118,8nt_118,gttgaaggcaattc,SHLS,FlAM
77,G16,16,G,SHHS26,SHHS26,St. Helena (Seaward),South Carolina,Coastal,NA,NA,NA,NA,NA,7,Plate03,D07,10nt_173,10nt_173,ctatcggccacaattc,SHHS,NC
78,H08,08,H,SHHS02,SHHS02,St. Helena (Seaward),South Carolina,Coastal,NA,NA,NA,NA,NA,4,Plate07,D04,10nt_451,10nt_451,tccgcgattacaattc,SHHS,SCBB
79,H11,11,H,SHLS09,SHLS09,St. Helena (Landward),South Carolina,Inland,NA,NA,NA,NA,NA,10,Plate07,D10,10nt_456,10nt_456,gttgcgcttacaattc,SHLS,MA
80,H20,20,H,SHHS19,SHHS19,St. Helena (Seaward),South Carolina,Coastal,NA,NA,NA,NA,NA,4,Plate09,D04,9nt_152,9nt_152,agtcatctacaattc,SHHS,NC
81,I11,11,I,SHHS25,SHHS25,St. Helena (Seaward),South Carolina,Coastal,NA,NA,NA,NA,NA,9,Plate07,E09,9nt_123,9nt_123,tacggcggacaattc,SHHS,SCBR
82,I16,16,I,SHHS10,SHHS10,St. Helena (Seaward),South Carolina,Coastal,NA,NA,NA,NA,NA,7,Plate03,E07,8nt_55,8nt_55,aagaggtacaattc,SHHS,SCCH
83,K09,09,K,SHHS07,SHHS07,St. Helena (Seaward),South Carolina,Coastal,NA,NA,NA,NA,NA,5,Plate07,F05,8nt_126,8nt_126,tgagttggcaattc,SHHS,SCWB
84,K12,12,K,SHHS01,SHHS01,St. Helena (Seaward),South Carolina,Coastal,NA,NA,NA,NA,NA,11,Plate07,F11,9nt_128,9nt_128,tcataatgacaattc,SHHS,SCBR
85,L04,04,L,SHLS28,SHLS28,St. Helena (Landward),South Carolina,Inland,NA,NA,NA,NA,NA,8,Plate13,F08,9nt_265,9nt_265,tgcgcttgccaattc,SHLS,SCWB
86,L07,07,L,SHLS03,SHLS03,St. Helena (Landward),South Carolina,Inland,NA,NA,NA,NA,NA,2,Plate07,F02,8nt_125,8nt_125,atcgctggcaattc,SHLS,SCBR
87,L18,18,L,SHHS14,SHHS14,St. Helena (Seaward),South Carolina,Coastal,NA,NA,NA,NA,NA,12,Plate03,F12,10nt_215,10nt_215,ttggacggcacaattc,SHHS,FlSB
88,M05,05,M,SHLS32,SHLS32,St. Helena (Landward),South Carolina,Inland,NA,NA,NA,NA,NA,9,Plate13,G09,9nt_272,9nt_272,agcgtactccaattc,SHLS,SCBB
89,N01,01,N,SHHS15,SHHS15,St. Helena (Seaward),South Carolina,Coastal,NA,NA,NA,NA,NA,2,Plate13,G02,10nt_854,10nt_854,cgagcgtaagcaattc,SHHS,SCBB
90,N19,19,N,SHHS03,SHHS03,St. Helena (Seaward),South Carolina,Coastal,NA,NA,NA,NA,NA,2,Plate09,G02,9nt_170,9nt_170,caaccgaaccaattc,SHHS,SCBR
91,P11,11,P,SHLS26,SHLS26,St. Helena (Landward),South Carolina,Inland,NA,NA,NA,NA,NA,10,Plate07,H10,10nt_484,10nt_484,ttggcagaaccaattc,SHLS,SCSH
92,P19,19,P,SHHS06,SHHS06,St. Helena (Seaward),South Carolina,Coastal,NA,NA,NA,NA,NA,2,Plate09,H02,10nt_658,10nt_658,gtattattcccaattc,SHHS,SCSH
93,A06,06,A,CHLS01,CHLS01,Charleston Harbor (Landward),South Carolina,Inland,NA,NA,NA,NA,NA,11,Plate13,A11,10nt_802,10nt_802,ttaccatctccaattc,CHLS,SCBR
94,A17,17,A,CHLS02,CHLS02,Charleston Harbor (Landward),South Carolina,Inland,NA,NA,NA,NA,NA,9,Plate03,A09,8nt_39,8nt_39,ggaatagacaattc,CHLS,SCBB
95,A19,19,A,CHLS11,CHLS11,Charleston Harbor (Landward),South Carolina,Inland,NA,NA,NA,NA,NA,1,Plate09,A01,8nt_138,8nt_138,ctctagctcaattc,CHLS,SCCH
96,B17,17,B,CHHS20,CHHS20,Charleston Harbor (Seaward),South Carolina,Coastal,NA,NA,NA,NA,NA,10,Plate03,A10,9nt_39,9nt_39,caacttgaacaattc,CHHS,NC
97,C01,01,C,CHHS22,CHHS22,Charleston Harbor (Seaward),South Carolina,Coastal,NA,NA,NA,NA,NA,1,Plate13,B01,10nt_803,10nt_803,acgatatctccaattc,CHHS,SCSH
98,C04,04,C,CHLS12,CHLS12,Charleston Harbor (Landward),South Carolina,Inland,NA,NA,NA,NA,NA,7,Plate13,B07,10nt_808,10nt_808,gagaggtctccaattc,CHLS,FlAM
99,C11,11,C,CHHS14,CHHS14,Charleston Harbor (Seaward),South Carolina,Coastal,NA,NA,NA,NA,NA,9,Plate07,B09,9nt_111,9nt_111,taactacgacaattc,CHHS,NC
100,C13,13,C,CHHS01,CHHS01,Charleston Harbor (Seaward),South Carolina,Coastal,NA,NA,NA,NA,NA,1,Plate03,B01,9nt_40,9nt_40,cttcaataacaattc,CHHS,SCCH
101,D02,02,D,CHHS15,CHHS15,Charleston Harbor (Seaward),South Carolina,Coastal,NA,NA,NA,NA,NA,4,Plate13,B04,9nt_239,9nt_239,ccgttgagccaattc,CHHS,MA
102,D04,04,D,CHLS09,CHLS09,Charleston Harbor (Landward),South Carolina,Inland,NA,NA,NA,NA,NA,8,Plate13,B08,9nt_241,9nt_241,cctcaacgccaattc,CHLS,NC
103,D12,12,D,CHLS20,CHLS20,Charleston Harbor (Landward),South Carolina,Inland,NA,NA,NA,NA,NA,12,Plate07,B12,9nt_112,9nt_112,tattaccgacaattc,CHLS,SCCH
104,D17,17,D,CHHS06,CHHS06,Charleston Harbor (Seaward),South Carolina,Coastal,NA,NA,NA,NA,NA,10,Plate03,B10,10nt_152,10nt_152,cctcgaaccacaattc,CHHS,SCWB
105,E18,18,E,CHLS19,CHLS19,Charleston Harbor (Landward),South Carolina,Inland,NA,NA,NA,NA,NA,11,Plate03,C11,8nt_48,8nt_48,tagtaatacaattc,CHLS,FlFP
106,F16,16,F,CHHS26,CHHS26,Charleston Harbor (Seaward),South Carolina,Coastal,NA,NA,NA,NA,NA,8,Plate03,C08,8nt_47,8nt_47,actgaatacaattc,CHHS,SCSH
107,G14,14,G,CHLS26,CHLS26,Charleston Harbor (Landward),South Carolina,Inland,NA,NA,NA,NA,NA,3,Plate03,D03,9nt_49,9nt_49,acctagtaacaattc,CHLS,NC
108,H01,01,H,CHLS06,CHLS06,Charleston Harbor (Landward),South Carolina,Inland,NA,NA,NA,NA,NA,2,Plate13,D02,9nt_250,9nt_250,gcgaatcgccaattc,CHLS,SCCH
109,H05,05,H,CHLS15,CHLS15,Charleston Harbor (Landward),South Carolina,Inland,NA,NA,NA,NA,NA,10,Plate13,D10,9nt_254,9nt_254,cgcgaaggccaattc,CHLS,SCSH
110,H10,10,H,CHLS08,CHLS08,Charleston Harbor (Landward),South Carolina,Inland,NA,NA,NA,NA,NA,8,Plate07,D08,8nt_119,8nt_119,tcctcaggcaattc,CHLS,FlFP
111,H15,15,H,CHLS28,CHLS28,Charleston Harbor (Landward),South Carolina,Inland,NA,NA,NA,NA,NA,6,Plate03,D06,9nt_50,9nt_50,tggacgtaacaattc,CHLS,MA
112,H17,17,H,CHLS05,CHLS05,Charleston Harbor (Landward),South Carolina,Inland,NA,NA,NA,NA,NA,10,Plate03,D10,10nt_176,10nt_176,tgagctgccacaattc,CHLS,NC
113,H18,18,H,CHHS47,CHHS47,Charleston Harbor (Seaward),South Carolina,Coastal,NA,NA,NA,NA,NA,12,Plate03,D12,9nt_52,9nt_52,ctcaggtaacaattc,CHHS,SCCH
114,I07,07,I,CHLS07,CHLS07,Charleston Harbor (Landward),South Carolina,Inland,NA,NA,NA,NA,NA,1,Plate07,E01,10nt_457,10nt_457,cctcggcttacaattc,CHLS,SCBB
115,I09,09,I,CHHS40,CHHS40,Charleston Harbor (Seaward),South Carolina,Coastal,NA,NA,NA,NA,NA,5,Plate07,E05,8nt_122,8nt_122,aatggcggcaattc,CHHS,SCCH
116,I13,13,I,CHHS24,CHHS24,Charleston Harbor (Seaward),South Carolina,Coastal,NA,NA,NA,NA,NA,1,Plate03,E01,10nt_185,10nt_185,acctcgtccacaattc,CHHS,SCCH
117,I14,14,I,CHHS13,CHHS13,Charleston Harbor (Seaward),South Carolina,Coastal,NA,NA,NA,NA,NA,3,Plate03,E03,9nt_53,9nt_53,taacggtaacaattc,CHHS,NC
118,J01,01,J,CHLS16,CHLS16,Charleston Harbor (Landward),South Carolina,Inland,NA,NA,NA,NA,NA,2,Plate13,E02,9nt_256,9nt_256,cataccggccaattc,CHLS,SCSH
119,J06,06,J,CHHS29,CHHS29,Charleston Harbor (Seaward),South Carolina,Coastal,NA,NA,NA,NA,NA,12,Plate13,E12,9nt_261,9nt_261,ctacgatgccaattc,CHHS,SCWB
120,J13,13,J,CHLS25,CHLS25,Charleston Harbor (Landward),South Carolina,Inland,NA,NA,NA,NA,NA,2,Plate03,E02,8nt_53,8nt_53,ccagtctacaattc,CHLS,MA
121,K04,04,K,CHHS02,CHHS02,Charleston Harbor (Seaward),South Carolina,Coastal,NA,NA,NA,NA,NA,7,Plate13,F07,10nt_850,10nt_850,gtagatgaagcaattc,CHHS,SCCH
122,L05,05,L,CHLS18,CHLS18,Charleston Harbor (Landward),South Carolina,Inland,NA,NA,NA,NA,NA,10,Plate13,F10,10nt_852,10nt_852,gtcggctaagcaattc,CHLS,NC
123,M08,08,M,CHHS37,CHHS37,Charleston Harbor (Seaward),South Carolina,Coastal,NA,NA,NA,NA,NA,3,Plate07,G03,8nt_130,8nt_130,gttacttgcaattc,CHHS,SCCH
124,M09,09,M,CHHS52,CHHS52,Charleston Harbor (Seaward),South Carolina,Coastal,NA,NA,NA,NA,NA,5,Plate07,G05,10nt_468,10nt_468,aaggaccaaccaattc,CHHS,SCWB
125,M16,16,M,CHLS24,CHLS24,Charleston Harbor (Landward),South Carolina,Inland,NA,NA,NA,NA,NA,7,Plate03,G07,8nt_64,8nt_64,cttaagaccaattc,CHLS,SCSH
126,N07,07,N,CHLS13,CHLS13,Charleston Harbor (Landward),South Carolina,Inland,NA,NA,NA,NA,NA,2,Plate07,G02,10nt_467,10nt_467,ttcaaccaaccaattc,CHLS,NC
127,N13,13,N,CHHS03,CHHS03,Charleston Harbor (Seaward),South Carolina,Coastal,NA,NA,NA,NA,NA,2,Plate03,G02,9nt_62,9nt_62,actccgccacaattc,CHHS,SCCH
128,N18,18,N,CHHS5,CHHS05,Charleston Harbor (Seaward),South Carolina,Coastal,NA,NA,NA,NA,NA,12,Plate03,G12,10nt_225,10nt_225,caattaatcacaattc,CHHS,SCCH
129,O03,03,O,CHHS10,CHHS10,Charleston Harbor (Seaward),South Carolina,Coastal,NA,NA,NA,NA,NA,5,Plate13,H05,10nt_873,10nt_873,gcgagcagagcaattc,CHHS,SCSH
130,O13,13,O,CHHS16,CHHS16,Charleston Harbor (Seaward),South Carolina,Coastal,NA,NA,NA,NA,NA,1,Plate03,H01,8nt_66,8nt_66,aggacgaccaattc,CHHS,SCBR
131,O15,15,O,CHHS48,CHHS48,Charleston Harbor (Seaward),South Carolina,Coastal,NA,NA,NA,NA,NA,5,Plate03,H05,9nt_67,9nt_67,tagactccacaattc,CHHS,FlFP
132,P01,01,P,CHLS04,CHLS04,Charleston Harbor (Landward),South Carolina,Inland,NA,NA,NA,NA,NA,2,Plate13,H02,9nt_275,9nt_275,cgatagctccaattc,CHLS,SCCH
133,P07,07,P,CHLS29,CHLS29,Charleston Harbor (Landward),South Carolina,Inland,NA,NA,NA,NA,NA,2,Plate07,H02,10nt_473,10nt_473,ctacggcaaccaattc,CHLS,FlFP
134,P12,12,P,CHLS30,CHLS30,Charleston Harbor (Landward),South Carolina,Inland,NA,NA,NA,NA,NA,12,Plate07,H12,9nt_137,9nt_137,aatgccatacaattc,CHLS,SCCH
135,A08,08,A,BBHS01,BBHS01,Bulls Bay,South Carolina,Coastal,NA,NA,NA,NA,NA,3,Plate07,A03,9nt_105,9nt_105,ggtcagagacaattc,BBHS,MA
136,A09,09,A,BBHS14,BBHS14,Bulls Bay,South Carolina,Coastal,NA,NA,NA,NA,NA,5,Plate07,A05,8nt_106,8nt_106,aaccggagcaattc,BBHS,SCBB
137,B11,11,B,BBHS15,BBHS15,Bulls Bay,South Carolina,Coastal,NA,NA,NA,NA,NA,10,Plate07,A10,10nt_431,10nt_431,cgcctatctacaattc,BBHS,SCBR
138,B14,14,B,BBHS20,BBHS20,Bulls Bay,South Carolina,Coastal,NA,NA,NA,NA,NA,4,Plate03,A04,9nt_37,9nt_37,agcaatgaacaattc,BBHS,NJ
139,C15,15,C,BBHS09,BBHS09,Bulls Bay,South Carolina,Coastal,NA,NA,NA,NA,NA,5,Plate03,B05,8nt_42,8nt_42,gaccgcgacaattc,BBHS,VA
140,C16,16,C,BBHS29,BBHS29,Bulls Bay,South Carolina,Coastal,NA,NA,NA,NA,NA,7,Plate03,B07,10nt_151,10nt_151,ataagaaccacaattc,BBHS,SCCH
141,C20,20,C,BBHS07,BBHS07,Bulls Bay,South Carolina,Coastal,NA,NA,NA,NA,NA,3,Plate09,B03,10nt_509,10nt_509,attagcagaccaattc,BBHS,NC
142,E04,04,E,BBHS16,BBHS16,Bulls Bay,South Carolina,Coastal,NA,NA,NA,NA,NA,7,Plate13,C07,10nt_830,10nt_830,cgattccttccaattc,BBHS,SCBR
143,E08,08,E,BBHS19,BBHS19,Bulls Bay,South Carolina,Coastal,NA,NA,NA,NA,NA,3,Plate07,C03,9nt_113,9nt_113,cgcgtccgacaattc,BBHS,SCWB
144,E09,09,E,BBHS10,BBHS10,Bulls Bay,South Carolina,Coastal,NA,NA,NA,NA,NA,5,Plate07,C05,8nt_114,8nt_114,ctggtccgcaattc,BBHS,SCWB
145,F02,02,F,BBHS11,BBHS11,Bulls Bay,South Carolina,Coastal,NA,NA,NA,NA,NA,4,Plate13,C04,9nt_245,9nt_245,atcagccgccaattc,BBHS,SCBR
146,F12,12,F,BBHS23,BBHS23,Bulls Bay,South Carolina,Coastal,NA,NA,NA,NA,NA,12,Plate07,C12,9nt_116,9nt_116,tctaggcgacaattc,BBHS,MA
147,G04,04,G,BBHS08,BBHS08,Bulls Bay,South Carolina,Coastal,NA,NA,NA,NA,NA,7,Plate13,D07,10nt_838,10nt_838,ttatgccaagcaattc,BBHS,SCBB
148,G05,05,G,BBHS12,BBHS12,Bulls Bay,South Carolina,Coastal,NA,NA,NA,NA,NA,9,Plate13,D09,10nt_839,10nt_839,atcctccaagcaattc,BBHS,MA
149,G12,12,G,BBHS13,BBHS13,Bulls Bay,South Carolina,Coastal,NA,NA,NA,NA,NA,11,Plate07,D11,8nt_120,8nt_120,cgtctaggcaattc,BBHS,SCCH
150,H16,16,H,BBHS03,BBHS03,Bulls Bay,South Carolina,Coastal,NA,NA,NA,NA,NA,8,Plate03,D08,8nt_51,8nt_51,gccttatacaattc,BBHS,NJ
151,J08,08,J,BBHS18,BBHS18,Bulls Bay,South Carolina,Coastal,NA,NA,NA,NA,NA,4,Plate07,E04,10nt_458,10nt_458,tcattgcttacaattc,BBHS,SCBB
152,K02,02,K,BBHS27,BBHS27,Bulls Bay,South Carolina,Coastal,NA,NA,NA,NA,NA,3,Plate13,F03,10nt_848,10nt_848,agtccggaagcaattc,BBHS,VA
153,K07,07,K,BBHS02,BBHS02,Bulls Bay,South Carolina,Coastal,NA,NA,NA,NA,NA,1,Plate07,F01,10nt_461,10nt_461,ggagaagttacaattc,BBHS,SCSH
154,L01,01,L,BBHS31,BBHS31,Bulls Bay,South Carolina,Coastal,NA,NA,NA,NA,NA,2,Plate13,F02,9nt_262,9nt_262,accgactgccaattc,BBHS,FlFP
155,N05,05,N,BBHS32,BBHS32,Bulls Bay,South Carolina,Coastal,NA,NA,NA,NA,NA,10,Plate13,G10,10nt_861,10nt_861,atcatagcagcaattc,BBHS,NC
156,N08,08,N,BBHS34,BBHS34,Bulls Bay,South Carolina,Coastal,NA,NA,NA,NA,NA,4,Plate07,G04,9nt_130,9nt_130,atgacttgacaattc,BBHS,SCSH
157,B01,01,B,WBHS49,WBHS49,Winyah Bay,South Carolina,Coastal,NA,NA,NA,NA,NA,2,Plate13,A02,9nt_232,9nt_232,tcctgaagccaattc,WBHS,MA
158,C02,02,C,WBHS41,WBHS41,Winyah Bay,South Carolina,Coastal,NA,NA,NA,NA,NA,3,Plate13,B03,10nt_805,10nt_805,taccgctctccaattc,WBHS,SCBR
159,C17,17,C,WBHS32,WBHS32,Winyah Bay,South Carolina,Coastal,NA,NA,NA,NA,NA,9,Plate03,B09,9nt_43,9nt_43,gatagataacaattc,WBHS,FlSB
160,D06,06,D,WBHS42,WBHS42,Winyah Bay,South Carolina,Coastal,NA,NA,NA,NA,NA,12,Plate13,B12,9nt_243,9nt_243,gaataacgccaattc,WBHS,SCBR
161,D19,19,D,WBHS63,WBHS63,Winyah Bay,South Carolina,Coastal,NA,NA,NA,NA,NA,2,Plate09,B02,9nt_142,9nt_142,aggtcgatacaattc,WBHS,FlSB
162,E11,11,E,WBHS22,WBHS22,Winyah Bay,South Carolina,Coastal,NA,NA,NA,NA,NA,9,Plate07,C09,9nt_115,9nt_115,cgttcgcgacaattc,WBHS,SCWB
163,E16,16,E,WBHS34,WBHS34,Winyah Bay,South Carolina,Coastal,NA,NA,NA,NA,NA,7,Plate03,C07,10nt_162,10nt_162,cttattaccacaattc,WBHS,SCBB
164,F17,17,F,WBHS25,WBHS25,Winyah Bay,South Carolina,Coastal,NA,NA,NA,NA,NA,10,Plate03,C10,10nt_164,10nt_164,accgttaccacaattc,WBHS,SCWB
165,G01,01,G,WBHS18,WBHS18,Winyah Bay,South Carolina,Coastal,NA,NA,NA,NA,NA,1,Plate13,D01,10nt_833,10nt_833,tacctgcttccaattc,WBHS,SCSH
166,H06,06,H,WBHS04,WBHS04,Winyah Bay,South Carolina,Coastal,NA,NA,NA,NA,NA,12,Plate13,D12,9nt_255,9nt_255,aacctaggccaattc,WBHS,SCCH
167,I04,04,I,WBHS33,WBHS33,Winyah Bay,South Carolina,Coastal,NA,NA,NA,NA,NA,7,Plate13,E07,10nt_844,10nt_844,ggatctcaagcaattc,WBHS,MA
168,I10,10,I,WBHS45,WBHS45,Winyah Bay,South Carolina,Coastal,NA,NA,NA,NA,NA,7,Plate07,E07,10nt_459,10nt_459,ggacctcttacaattc,WBHS,SCSH
169,J16,16,J,WBHS60,WBHS60,Winyah Bay,South Carolina,Coastal,NA,NA,NA,NA,NA,8,Plate03,E08,10nt_191,10nt_191,aggcgcagcacaattc,WBHS,FlSB
170,J17,17,J,WBHS15,WBHS15,Winyah Bay,South Carolina,Coastal,NA,NA,NA,NA,NA,10,Plate03,E10,10nt_192,10nt_192,catctcagcacaattc,WBHS,SCWB
171,K19,19,K,WBHS16,WBHS16,Winyah Bay,South Carolina,Coastal,NA,NA,NA,NA,NA,1,Plate09,F01,9nt_163,9nt_163,ggttggttacaattc,WBHS,SCBR
172,L03,03,L,WBHS30,WBHS30,Winyah Bay,South Carolina,Coastal,NA,NA,NA,NA,NA,6,Plate13,F06,9nt_264,9nt_264,ggttattgccaattc,WBHS,SCWB
173,L10,10,L,WBHS50,WBHS50,Winyah Bay,South Carolina,Coastal,NA,NA,NA,NA,NA,8,Plate07,F08,9nt_127,9nt_127,agccaatgacaattc,WBHS,SCSH
174,L16,16,L,WBHS43,WBHS43,Winyah Bay,South Carolina,Coastal,NA,NA,NA,NA,NA,8,Plate03,F08,9nt_60,9nt_60,cctataccacaattc,WBHS,SCBR
175,M11,11,M,WBHS29,WBHS29,Winyah Bay,South Carolina,Coastal,NA,NA,NA,NA,NA,9,Plate07,G09,8nt_132,8nt_132,cagttaatcaattc,WBHS,NJ
176,N15,15,N,WBHS38,WBHS38,Winyah Bay,South Carolina,Coastal,NA,NA,NA,NA,NA,6,Plate03,G06,10nt_221,10nt_221,cataattgcacaattc,WBHS,SCBR
177,P04,04,P,WBHS44,WBHS44,Winyah Bay,South Carolina,Coastal,NA,NA,NA,NA,NA,8,Plate13,H08,9nt_278,9nt_278,aactggctccaattc,WBHS,SCBR
178,P06,06,P,WBHS36,WBHS36,Winyah Bay,South Carolina,Coastal,NA,NA,NA,NA,NA,12,Plate13,H12,9nt_280,9nt_280,ctcagagtccaattc,WBHS,SCSH
179,P15,15,P,WBHS56,WBHS56,Winyah Bay,South Carolina,Coastal,NA,NA,NA,NA,NA,6,Plate03,H06,10nt_231,10nt_231,tattctatcacaattc,WBHS,NC
180,B08,08,B,MV7,NcMV07,Mitchells Village,North Carolina,NA,NA,NA,Hap_1,B,B,4,Plate07,A04,10nt_426,10nt_426,cctatagctacaattc,NcMV,SCCH
181,B18,18,B,MV35,NcMV35,Mitchells Village,North Carolina,NA,NA,NA,NA,NA,NA,12,Plate03,A12,8nt_40,8nt_40,ttcgtagacaattc,NcMV,SCCH
182,D10,10,D,BeNC1,NcBE01,Beaufort,North Carolina,NA,NA,NA,Hap_24,C,C,8,Plate07,B08,8nt_111,8nt_111,accatacgcaattc,NcBE,NC
183,D18,18,D,MV3,NcMV03,Mitchells Village,North Carolina,NA,NA,NA,NA,NA,NA,12,Plate03,B12,9nt_44,9nt_44,ccaggataacaattc,NcMV,SCWB
184,E17,17,E,MV24,NcMV24,Mitchells Village,North Carolina,NA,NA,NA,NA,NA,NA,9,Plate03,C09,9nt_47,9nt_47,gtaacctaacaattc,NcMV,NC
185,F11,11,F,MV4,NcMV04,Mitchells Village,North Carolina,NA,NA,NA,Hap_1,B,B,10,Plate07,C10,10nt_448,10nt_448,tggtctggtacaattc,NcMV,SCCH
186,F14,14,F,MV31,NcMV31,Mitchells Village,North Carolina,NA,NA,NA,Hap_14,B,B,4,Plate03,C04,10nt_155,10nt_155,ctgcagaccacaattc,NcMV,SCBR
187,G15,15,G,FR7,NcFR07,North River Estuary,North Carolina,NA,NA,NA,NA,NA,NA,5,Plate03,D05,8nt_50,8nt_50,atccgatacaattc,NcFR,SCSH
188,G20,20,G,MV10,NcMV10,Mitchells Village,North Carolina,NA,NA,NA,Hap_1,B,B,3,Plate09,D03,10nt_570,10nt_570,atatccaacccaattc,NcMV,FlSB
189,H04,04,H,MV20,NcMV20,Mitchells Village,North Carolina,NA,NA,NA,Hap_1,B,B,8,Plate13,D08,9nt_253,9nt_253,gtcgttcgccaattc,NcMV,VA
190,H09,09,H,MV44,NcMV44,Mitchells Village,North Carolina,NA,NA,NA,NA,NA,NA,6,Plate07,D06,9nt_118,9nt_118,atctatcgacaattc,NcMV,NC
191,H14,14,H,MV21,NcMV21,Mitchells Village,North Carolina,NA,NA,NA,Hap_1,B,B,4,Plate03,D04,10nt_167,10nt_167,cattacgccacaattc,NcMV,SCBB
192,H19,19,H,FR10,NcFR10,North River Estuary,North Carolina,NA,NA,NA,Hap_2,C,C,2,Plate09,D02,9nt_151,9nt_151,gaattcctacaattc,NcFR,MA
193,I08,08,I,MV14,NcMV14,Mitchells Village,North Carolina,NA,NA,NA,Hap_1,B,B,3,Plate07,E03,9nt_121,9nt_121,cagagaggacaattc,NcMV,SCCH
194,I12,12,I,FR6,NcFR06,North River Estuary,North Carolina,NA,NA,NA,Hap_1,B,B,11,Plate07,E11,8nt_124,8nt_124,cagcctggcaattc,NcFR,SCBB
195,J14,14,J,FR8,NcFR08,North River Estuary,North Carolina,NA,NA,NA,NA,NA,NA,4,Plate03,E04,10nt_188,10nt_188,cgaggaagcacaattc,NcFR,VA
196,K11,11,K,FR1,NcFR01,North River Estuary,North Carolina,NA,NA,NA,NA,NA,NA,9,Plate07,F09,10nt_465,10nt_465,actacggttacaattc,NcFR,SCBR
197,M07,07,M,FR11,NcFR11,North River Estuary,North Carolina,NA,NA,NA,NA,NA,NA,1,Plate07,G01,9nt_129,9nt_129,ttcaactgacaattc,NcFR,SCCH
198,M10,10,M,FR2,NcFR02,North River Estuary,North Carolina,NA,NA,NA,NA,NA,NA,7,Plate07,G07,9nt_131,9nt_131,cggcgttgacaattc,NcFR,SCBR
199,M12,12,M,FR4,NcFR04,North River Estuary,North Carolina,NA,NA,NA,Hap_1,B,B,11,Plate07,G11,10nt_472,10nt_472,gtctcgcaaccaattc,NcFR,SCWB
200,N04,04,N,MV15,NcMV15,Mitchells Village,North Carolina,NA,NA,NA,Hap_1,B,B,8,Plate13,G08,10nt_858,10nt_858,gcgcatccagcaattc,NcMV,FlSB
201,O02,02,O,FR12,NcFR12,North River Estuary,North Carolina,NA,NA,NA,Hap_3,A,A1,3,Plate13,H03,10nt_868,10nt_868,gcagcctcagcaattc,NcFR,SCCH
202,O05,05,O,MV11,NcMV11,Mitchells Village,North Carolina,NA,NA,NA,Hap_1,B,B,9,Plate13,H09,10nt_876,10nt_876,catagtagagcaattc,NcMV,SCSH
203,O11,11,O,MV43,NcMV43,Mitchells Village,North Carolina,NA,NA,NA,NA,NA,NA,9,Plate07,H09,9nt_136,9nt_136,ttgaccatacaattc,NcMV,FlSB
204,A05,05,A,WavA26,VaWA26,Wachapreague,Virginia,NA,NA,NA,Hap_1,B,B,9,Plate13,A09,10nt_801,10nt_801,gtacttgctccaattc,VaWA,NC
205,A12,12,A,WaVA6,VaWA06,Wachapreague,Virginia,NA,NA,NA,NA,NA,NA,11,Plate07,A11,8nt_108,8nt_108,actcttagcaattc,VaWA,SCCH
206,B03,03,B,WaVA13,VaWA13,Wachapreague,Virginia,NA,NA,NA,Hap_1,B,B,6,Plate13,A06,9nt_234,9nt_234,cagcgcagccaattc,VaWA,VA
207,J12,12,J,WaVA24,VaWA24,Wachapreague,Virginia,NA,NA,NA,Hap_1,B,B,12,Plate07,E12,9nt_124,9nt_124,agatgcggacaattc,VaWA,NC
208,K08,08,K,WaVA17,VaWA17,Wachapreague,Virginia,NA,NA,NA,Hap_19,B,B,3,Plate07,F03,9nt_125,9nt_125,gctatcggacaattc,VaWA,FlAM
209,N03,03,N,WaVA29,VaWA29,Wachapreague,Virginia,NA,NA,NA,Hap_1,B,B,6,Plate13,G06,10nt_857,10nt_857,cctatgccagcaattc,VaWA,NJ
210,N10,10,N,WaVA2,VaWA02,Wachapreague,Virginia,NA,NA,NA,Hap_1,B,B,8,Plate07,G08,10nt_469,10nt_469,ggaggccaaccaattc,VaWA,MA
211,O04,04,O,WaVA3,VaWA03,Wachapreague,Virginia,NA,NA,NA,Hap_1,B,B,7,Plate13,H07,10nt_874,10nt_874,cttgagagagcaattc,VaWA,NC
212,O18,18,O,WaVA7,VaWA07,Wachapreague,Virginia,NA,NA,NA,NA,NA,NA,11,Plate03,H11,9nt_69,9nt_69,ctccttccacaattc,VaWA,SCBR
213,J10,10,J,Rutgers35,NjRG35,Rutgers,New Jersey,NA,NA,NA,NA,NA,NA,8,Plate07,E08,8nt_123,8nt_123,gtattcggcaattc,NjRG,SCCH
214,K06,06,K,Rutgers34,NjRG34,Rutgers,New Jersey,NA,NA,NA,NA,NA,NA,11,Plate13,F11,9nt_267,9nt_267,ctgcatatccaattc,NjRG,MA
215,M02,02,M,Rutgers14,NjRG14,Rutgers,New Jersey,NA,NA,NA,NA,NA,NA,3,Plate13,G03,9nt_269,9nt_269,acgcgactccaattc,NjRG,SCCH
216,O07,07,O,Rutgers16,NjRG16,Rutgers,New Jersey,NA,NA,NA,NA,NA,NA,1,Plate07,H01,9nt_133,9nt_133,agcagaatacaattc,NjRG,VA
217,B12,12,B,BH19,MaBH19,Barnstable Harbor,Massachusetts,NA,NA,NA,NA,NA,NA,12,Plate07,A12,9nt_108,9nt_108,acttctagacaattc,MaBH,SCCH
218,E06,06,E,BH24,MaBH24,Barnstable Harbor,Massachusetts,NA,NA,NA,NA,NA,NA,11,Plate13,C11,10nt_832,10nt_832,ctctggcttccaattc,MaBH,MA
219,F13,13,F,Well10,MaWF10,Wellfleet,Massachusetts,NA,NA,NA,NA,NA,NA,2,Plate03,C02,8nt_45,8nt_45,ctgatggacaattc,MaWF,SCWB
220,H02,02,H,Well1,MaWF01,Wellfleet,Massachusetts,NA,NA,NA,Hap_6,D,D,4,Plate13,D04,9nt_251,9nt_251,cgacctcgccaattc,MaWF,FlSB
221,H13,13,H,Well51,MaWF51,Wellfleet,Massachusetts,NA,NA,NA,NA,NA,NA,2,Plate03,D02,8nt_49,8nt_49,gtagcatacaattc,MaWF,SCWB
222,I05,05,I,Well50,MaWF50,Wellfleet,Massachusetts,NA,NA,NA,NA,NA,NA,9,Plate13,E09,10nt_845,10nt_845,caaggtcaagcaattc,MaWF,SCCH
223,J07,07,J,BH1,MaBH01,Barnstable Harbor,Massachusetts,NA,NA,NA,NA,NA,NA,2,Plate07,E02,8nt_121,8nt_121,agaaccggcaattc,MaBH,FlSB
224,J19,19,J,Well53,MaWF53,Wellfleet,Massachusetts,NA,NA,NA,Hap_6,D,D,2,Plate09,E02,10nt_622,10nt_622,ccaggtcgcccaattc,MaWF,SCBR
225,K03,03,K,BH22a,MaBH22,Barnstable Harbor,Massachusetts,NA,NA,NA,NA,NA,NA,5,Plate13,F05,10nt_849,10nt_849,accaatgaagcaattc,MaBH,FlFP
226,K13,13,K,Well13,MaWF13,Wellfleet,Massachusetts,NA,NA,NA,NA,NA,NA,1,Plate03,F01,10nt_195,10nt_195,aattggagcacaattc,MaWF,SCSH
227,L06,06,L,BH20,MaBH20,Barnstable Harbor,Massachusetts,NA,NA,NA,NA,NA,NA,12,Plate13,F12,10nt_853,10nt_853,atggagtaagcaattc,MaBH,SCCH
228,N06,06,N,Well54,MaWF54,Wellfleet,Massachusetts,NA,NA,NA,NA,NA,NA,12,Plate13,G12,9nt_274,9nt_274,gtagacctccaattc,MaWF,SCWB
229,O10,10,O,dux4,MaDB04,Duxbury,Massachusetts,NA,NA,NA,NA,NA,NA,7,Plate07,H07,10nt_482,10nt_482,agccaagaaccaattc,MaDB,SCBR
230,O14,14,O,Well52,MaWF52,Wellfleet,Massachusetts,NA,NA,NA,NA,NA,NA,3,Plate03,H03,10nt_227,10nt_227,ttatgcatcacaattc,MaWF,FlSB
231,P03,03,P,Well56,MaWF56,Wellfleet,Massacusetts,NA,NA,NA,NA,NA,NA,6,Plate13,H06,9nt_277,9nt_277,gcggcgctccaattc,MaWF,SCSH
